Category,Gap,Coverage,Market,Taught,Total
Mobile,-88.6178861788618,100.0,11.382113821138212,2,2
Backend,-66.26016260162602,100.0,33.73983739837398,4,4
Frontend,-55.386178861788615,100.0,44.613821138211385,5,5
Methodologies,-53.353658536585364,100.0,46.646341463414636,3,3
DevOps & CI/CD,-37.80487804878049,100.0,62.19512195121951,6,6
NoSQL Databases,21.138211382113823,0.0,21.138211382113823,0,3
